{
  "posts": [
    {
      "id": 1,
      "title": "json-server",
      "author": "typicode"
    },
    {
      "id": "2",
      "title": "haha",
      "author": "jaki"
    }
  ],
  "unhandleresumes": [
    {
      "name": "jaki2012",
      "sex": "男",
      "education": "硕士",
      "address": "嘉定安亭",
      "experience": "3-5年",
      "school": "上海市同济大学",
      "job": "Node.js高级工程师",
      "jobdetailid": "1",
      "jobdetaillink": "hahah",
      "id": "1"
    }
  ],
  "acceptedresumes": [
    {
      "name": "jaki2012",
      "sex": "男",
      "education": "硕士",
      "address": "嘉定安亭",
      "experience": "3-5年",
      "school": "上海市同济大学",
      "job": "Node.js高级工程师",
      "jobdetailid": "1",
      "jobdetaillink": "hahah",
      "id": 1
    }
  ],
  "userjobs": [
    {
      "name": "Node.js高级工程师",
      "agency": "斗米兼职",
      "address": "上海",
      "uptitle": "双方已互评",
      "downtitle": "已结算",
      "downtitlehref": "nothing",
      "id": 1
    }
  ],
  "positions": [
    {
      "catagory": "后端开发",
      "name": "Python资深工程师",
      "jobnature": "全职",
      "leastsalary": "2",
      "mostsalary": "4",
      "city": "上海",
      "experience": "1-3年",
      "background": "硕士",
      "temptation": "美女hr/五险一金！",
      "description": "超爽的工作！\n",
      "address": "上海市甲骨文软件科技有限公司",
      "email": "",
      "releasetime": "9:43",
      "id": 1
    }
  ],
  "comments": [
    {
      "id": 1,
      "body": "some comment",
      "postId": 1
    }
  ],
  "profile": {
    "name": "typicode"
  }
}